Date,Larva #,Segment,Body side,1,2,3,4,5,6,7,8,9,10,11,12,13,14,15,16,17,18,19,20,21,22,23,24,25,26,27,28,29,30,31,32,33,34,35,36,37,38,39,40,41,42,43,44,45,,
20180228,L1,A3,L,00000,00000,00000,00000,00000,00000,00000,00000,00000,00000,00000,00000,00000,00000,00000,00000,00000,00000,00000,00000,00000,00000,00000,00000,00000,00000,00000,00000,00000,00000,00000,00000,00000,00000,00000,00000,00000,00000,00000,00000,00000,00000,00000,00000,00000,,
20180228,L1,A3,R,00000,00000,00000,00000,00000,00000,00000,00000,00000,00000,00000,00000,00000,11111,11111,00000,00000,00000,00000,00000,00000,00000,00000,00000,00000,00000,00000,00000,00000,00000,00000,00000,00000,00000,00000,00000,00000,00000,00000,00000,00000,00000,00000,00000,00000,,
20180228,L1,A4,L,00000,00000,00000,00000,00000,00000,00000,00000,00000,00000,00000,00000,00000,00000,00000,00000,00000,00000,00000,00000,00000,00000,00000,00000,00000,00000,00000,00000,00000,00000,00000,00000,00000,00000,00000,00000,00000,00000,00000,00000,00000,00000,00000,00000,00000,,
20180228,L1,A4,R,00000,00000,00000,00000,00000,00000,00000,00000,00000,00000,00000,00000,00000,00000,00000,00000,00000,00000,00000,00000,00000,00000,00000,00000,00000,00000,00000,00000,00000,00000,00000,00000,00000,00000,00000,00000,00000,00000,00000,00000,00000,11111,00000,00000,00000,,
20180228,L1,A5,L,00000,00000,00000,00000,00000,00000,00000,00000,00000,00000,00000,00000,00000,00000,00000,00000,00000,00000,00000,00000,00000,00000,00000,00000,00000,00000,00000,00000,00000,00000,00000,00000,00000,00000,00000,00000,00000,00000,11111,00000,00000,11111,00000,00000,00000,,
20180228,L1,A5,R,00000,00000,00000,00000,00000,00000,00000,00000,00000,00000,00000,00000,00000,00000,00000,00000,00000,00000,00000,00000,00000,00000,00000,00000,00000,00000,00000,00000,00000,00000,00000,00000,00000,00000,00000,00000,00000,00000,00000,00000,00000,00000,00000,00000,00000,,
20180228,L1,A6,L,,,,,,,,,,,,,,00000,00000,00000,00000,00000,00000,00000,00000,11111,11111,00000,00000,00000,00000,00000,00000,00000,00000,00000,00000,00000,00000,00000,00000,00000,00000,00000,00000,00000,00000,00000,00000,,
20180228,L1,A6,R,00000,00000,00000,00000,00000,00000,00000,00000,00000,00000,00000,00000,00000,00000,11111,11111,00000,00000,00000,00000,00000,00000,00000,00000,00000,00000,00000,00000,00000,00000,00000,00000,00000,00000,00000,00000,00000,00000,00000,00000,00000,00000,00000,00000,00000,,
20180228,L2,A2,L,00000,00000,00000,00000,00000,00000,00000,00000,00000,00000,00000,00000,00000,00000,00000,00000,00000,00000,00000,00000,00000,00000,00000,00000,00000,00000,00000,00000,00000,00000,11111,00000,00000,00000,00000,00000,00000,00000,00000,00000,00000,00000,00000,00000,11111,,
20180228,L2,A3,L,00000,00000,00000,00000,00000,00000,00000,00000,00000,00000,00000,,,00000,00000,00000,00000,00000,00000,00000,00000,00000,00000,00000,00000,00000,00000,00000,00000,00000,00000,00000,00000,00000,00000,00000,00000,00000,00000,00000,00000,00000,00000,00000,00000,,
20180228,L2,A3,R,00000,00000,00000,00000,00000,00000,00000,00000,00000,00000,00000,00000,00000,00000,00000,00000,00000,00000,00000,00000,00000,00000,00000,00000,00000,00000,00000,00000,00000,00000,00000,00000,00000,00000,11111,00000,00000,00000,00000,11111,00000,00000,00000,00000,00000,,
20180228,L2,A4,L,00000,00000,00000,00000,00000,00000,00000,00000,00000,00000,00000,00000,00000,00000,00000,00000,00000,00000,00000,00000,00000,00000,00000,00000,00000,00000,00000,00000,00000,00000,00000,00000,00000,00000,00000,00000,00000,00000,00000,00000,00000,00000,00000,00000,00000,,
20180228,L2,A4,R,00000,00000,00000,00000,00000,00000,00000,00000,00000,00000,00000,00000,00000,11111,11111,00000,00000,00000,00000,00000,00000,00000,00000,00000,00000,00000,00000,00000,00000,00000,00000,,,,00000,00000,00000,00000,00000,00000,00000,00000,00000,00000,00000,,
20180228,L2,A5,L,00000,00000,00000,00000,00000,00000,00000,00000,00000,00000,00000,00000,00000,00000,00000,00000,00000,00000,00000,00000,00000,00000,00000,00000,00000,00000,00000,00000,00000,00000,00000,00000,00000,00000,00000,00000,00000,00000,00000,00000,00000,00000,00000,00000,00000,,
20180228,L2,A5,R,00000,00000,00000,00000,00000,00000,00000,00000,00000,00000,00000,00000,00000,00000,11111,00000,00000,00000,00000,00000,00000,00000,00000,00000,00000,00000,00000,00000,00000,00000,11111,00000,00000,00000,00000,00000,00000,00000,00000,00000,00000,00000,00000,00000,00000,,
20180228,L2,A6,L,00000,11111,00000,00000,00000,00000,00000,00000,00000,00000,00000,00000,00000,00000,00000,00000,00000,00000,00000,00000,00000,00000,00000,00000,00000,00000,00000,00000,00000,00000,00000,00000,00000,00000,00000,00000,00000,00000,00000,00000,00000,00000,00000,00000,00000,,
20180228,L2,A6,R,,,,,,,,,,,,,,00000,00000,00000,00000,00000,00000,00000,00000,00000,00000,00000,00000,00000,00000,00000,11111,00000,00000,00000,00000,00000,00000,00000,00000,11111,00000,00000,00000,00000,00000,00000,00000,,
20180228,L3,A3,L,00000,00000,00000,00000,00000,00000,11111,00000,00000,00000,00000,00000,11111,00000,00000,00000,00000,00000,00000,00000,00000,00000,00000,00000,00000,00000,00000,00000,00000,00000,00000,00000,00000,00000,00000,00000,00000,00000,00000,00000,00000,00000,00000,00000,00000,,
20180228,L3,A3,R,00000,00000,00000,00000,00000,00000,00000,00000,00000,00000,00000,00000,00000,00000,11111,00000,00000,00000,00000,00000,00000,00000,00000,00000,00000,00000,00000,00000,00000,00000,00000,11111,00000,00000,00000,00000,00000,00000,00000,00000,00000,00000,00000,00000,00000,,
20180228,L3,A4,L,00000,00000,00000,00000,00000,00000,00000,00000,00000,00000,00000,00000,00000,00000,00000,00000,00000,00000,00000,00000,00000,00000,00000,00000,00000,00000,11111,11111,00000,00000,00000,00000,00000,00000,00000,00000,00000,00000,00000,00000,00000,00000,00000,00000,00000,,
20180228,L3,A4,R,00000,00000,00000,00000,00000,00000,00000,00000,00000,00000,00000,00000,00000,00000,00000,00000,00000,00000,00000,00000,00000,00000,00000,00000,00000,00000,00000,00000,00000,00000,00000,11111,00000,00000,00000,00000,00000,00000,00000,00000,00000,00000,00000,00000,00000,,
20180228,L3,A5,L,00000,00000,00000,00000,00000,00000,00000,00000,00000,00000,00000,00000,00000,00000,00000,00000,00000,00000,00000,00000,00000,00000,00000,00000,00000,00000,00000,00000,00000,00000,00000,00000,00000,00000,00000,00000,00000,00000,00000,00000,00000,00000,00000,00000,00000,,
20180228,L3,A5,R,00000,00000,00000,00000,00000,00000,00000,00000,00000,00000,00000,00000,00000,00000,00000,00000,00000,00000,00000,00000,00000,00000,00000,00000,00000,00000,00000,00000,00000,00000,00000,00000,00000,00000,00000,00000,00000,00000,00000,,,,,,,,
20180228,L3,A6,L,11111,00000,00000,00000,00000,00000,00000,00000,00000,00000,00000,00000,00000,00000,00000,00000,00000,00000,00000,00000,00000,00000,00000,00000,00000,00000,00000,00000,00000,00000,00000,00000,00000,00000,00000,00000,00000,00000,00000,00000,00000,00000,00000,00000,00000,,
20180228,L3,A6,R,,,,,,,,,,,,,,,,,,,,,,,,,,,00000,00000,00000,00000,00000,00000,00000,00000,00000,00000,00000,00000,00000,00000,00000,00000,00000,00000,00000,,
20180228,L4,A3,L,00000,00000,00000,00000,00000,00000,00000,00000,00000,00000,00000,00000,00000,00000,00000,00000,00000,00000,00000,00000,00000,00000,00000,00000,00000,00000,00000,00000,00000,00000,00000,00000,00000,00000,11111,00000,00000,00000,00000,00000,00000,00000,00000,00000,00000,,
20180228,L4,A3,R,00000,00000,00000,00000,00000,00000,11111,00000,00000,00000,00000,00000,00000,00000,00000,00000,00000,00000,00000,00000,00000,00000,00000,00000,00000,00000,00000,00000,11111,00000,00000,00000,00000,00000,00000,11111,00000,00000,00000,00000,00000,00000,00000,00000,00000,,
20180228,L4,A4,L,00000,00000,00000,00000,00000,00000,00000,00000,00000,00000,00000,00000,00000,00000,00000,00000,00000,00000,00000,00000,00000,00000,00000,00000,00000,00000,00000,00000,00000,00000,00000,00000,00000,00000,00000,00000,00000,00000,00000,00000,00000,00000,00000,00000,00000,,
20180228,L4,A4,R,00000,00000,00000,00000,00000,00000,00000,00000,00000,00000,00000,00000,00000,00000,00000,00000,00000,00000,00000,00000,00000,00000,00000,00000,00000,00000,11111,11111,11111,00000,00000,00000,00000,00000,00000,00000,00000,11111,00000,00000,00000,00000,00000,00000,00000,,
20180228,L4,A5,L,00000,00000,00000,00000,00000,11111,00000,00000,00000,00000,00000,11111,00000,00000,00000,00000,00000,00000,00000,00000,00000,00000,00000,00000,00000,00000,00000,00000,00000,00000,00000,00000,00000,00000,00000,00000,00000,00000,00000,00000,00000,00000,00000,00000,00000,,
20180228,L4,A5,R,00000,00000,00000,00000,00000,00000,00000,00000,00000,00000,00000,00000,00000,00000,00000,00000,00000,00000,00000,00000,00000,00000,00000,00000,00000,00000,00000,00000,00000,00000,00000,00000,00000,00000,00000,00000,00000,00000,00000,00000,00000,00000,00000,00000,00000,,
20180228,L4,A6,L,00000,00000,11111,00000,00000,00000,00000,00000,00000,00000,00000,00000,00000,00000,00000,00000,00000,00000,00000,00000,00000,00000,00000,00000,00000,00000,00000,00000,00000,00000,00000,00000,00000,00000,00000,00000,00000,00000,00000,00000,00000,00000,00000,00000,00000,,
20180228,L4,A6,R,00000,00000,00000,00000,00000,00000,00000,00000,00000,00000,00000,00000,00000,00000,00000,00000,00000,00000,00000,00000,00000,00000,00000,00000,,,00000,00000,00000,11111,00000,00000,00000,00000,00000,00000,00000,00000,00000,00000,00000,00000,11111,00000,00000,,
20180228,L5,A2,L,00000,00000,00000,00000,00000,00000,00000,00000,00000,00000,00000,00000,00000,00000,00000,00000,00000,00000,00000,00000,00000,00000,00000,00000,00000,00000,00000,00000,00000,00000,00000,00000,00000,00000,00000,00000,00000,00000,00000,00000,00000,00000,00000,00000,00000,,
20180228,L5,A3,L,00000,00000,00000,00000,00000,00000,00000,00000,00000,00000,00000,11111,00000,11111,00000,00000,00000,00000,00000,00000,00000,00000,00000,00000,00000,00000,00000,00000,00000,00000,00000,00000,00000,00000,00000,00000,00000,00000,00000,00000,00000,00000,00000,00000,00000,,
20180228,L5,A3,R,00000,00000,00000,00000,00000,00000,00000,00000,00000,00000,00000,00000,00000,00000,00000,00000,00000,00000,00000,00000,00000,00000,00000,00000,00000,00000,00000,00000,00000,00000,00000,00000,00000,00000,00000,00000,00000,00000,11111,00000,00000,00000,00000,11111,00000,,
20180228,L5,A4,L,00000,00000,00000,00000,00000,00000,00000,00000,00000,00000,00000,00000,00000,00000,00000,00000,00000,00000,00000,00000,00000,00000,00000,00000,00000,00000,00000,00000,00000,00000,00000,11111,00000,00000,00000,00000,00000,00000,00000,00000,00000,00000,00000,11111,00000,,
20180228,L5,A4,R,00000,00000,00000,00000,00000,00000,00000,00000,00000,00000,00000,00000,00000,00000,11111,00000,00000,00000,00000,00000,00000,00000,00000,00000,00000,00000,11111,00000,00000,00000,00000,00000,00000,00000,00000,00000,00000,00000,00000,00000,00000,00000,00000,00000,00000,,
20180228,L5,A5,L,00000,00000,00000,00000,00000,00000,00000,00000,00000,00000,00000,11111,00000,00000,00000,00000,00000,00000,00000,00000,00000,11111,11111,00000,00000,00000,00000,00000,00000,00000,00000,00000,00000,00000,11111,00000,00000,00000,00000,00000,00000,00000,00000,00000,00000,,
20180228,L5,A5,R,00000,00000,00000,00000,00000,00000,00000,00000,00000,00000,00000,00000,00000,00000,00000,00000,00000,00000,00000,00000,00000,00000,00000,00000,00000,00000,00000,00000,00000,00000,00000,00000,00000,00000,00000,00000,00000,00000,00000,00000,00000,00000,11111,00000,00000,,
20180228,L5,A6,L,00000,00000,00000,00000,00000,00000,00000,11111,00000,00000,11111,00000,00000,00000,00000,00000,00000,00000,00000,00000,00000,00000,00000,00000,00000,00000,00000,00000,00000,00000,00000,00000,00000,00000,00000,00000,00000,00000,00000,00000,00000,00000,00000,00000,00000,,
20180301,L1,A2,L,00000,00000,00000,11111,00000,00000,00000,00000,00000,00000,00000,00000,00000,00000,00000,00000,00000,00000,00000,00000,00000,00000,00000,00000,00000,00000,00000,00000,00000,00000,00000,00000,00000,00000,00000,00000,00000,00000,00000,00000,00000,00000,00000,00000,00000,,
20180301,L1,A3,L,,,,,,,,,,,,,00000,00000,00000,00000,00000,00000,00000,00000,00000,00000,00000,00000,00000,00000,00000,00000,00000,00000,00000,00000,00000,00000,00000,00000,00000,00000,00000,00000,00000,00000,00000,00000,00000,,
20180301,L1,A3,R,00000,00000,00000,00000,00000,00000,00000,00000,00000,00000,00000,00000,00000,00000,00000,00000,00000,00000,00000,00000,00000,00000,00000,00000,00000,00000,00000,00000,00000,00000,00000,00000,00000,00000,00000,00000,00000,00000,00000,00000,00000,00000,00000,00000,00000,,
20180301,L1,A4,L,00000,00000,00000,00000,00000,00000,00000,00000,00000,00000,00000,00000,00000,00000,00000,00000,00000,00000,00000,00000,00000,00000,00000,00000,00000,00000,00000,00000,00000,00000,00000,11111,00000,00000,00000,00000,00000,00000,00000,00000,00000,00000,00000,00000,00000,,
20180301,L1,A4,R,00000,00000,00000,00000,00000,00000,00000,11111,11111,11111,00000,00000,00000,11111,00000,00000,00000,00000,00000,00000,00000,00000,00000,00000,00000,00000,00000,00000,00000,00000,00000,00000,00000,00000,00000,00000,00000,00000,00000,00000,00000,00000,00000,00000,00000,,
20180301,L1,A5,L,00000,00000,00000,00000,00000,11111,00000,00000,00000,00000,00000,00000,00000,00000,00000,00000,00000,00000,00000,00000,00000,00000,00000,00000,00000,00000,00000,00000,00000,00000,00000,00000,00000,00000,00000,00000,00000,00000,00000,00000,00000,00000,00000,00000,00000,,
20180301,L1,A5,R,00000,00000,00000,00000,00000,00000,00000,00000,00000,00000,00000,00000,00000,00000,00000,00000,00000,00000,00000,00000,00000,00000,00000,00000,00000,00000,00000,00000,00000,00000,00000,00000,00000,00000,00000,00000,00000,00000,00000,00000,00000,00000,00000,00000,00000,,
20180301,L1,A6,L,00000,00000,00000,00000,00000,00000,00000,00000,00000,00000,00000,00000,00000,00000,00000,00000,00000,00000,00000,00000,00000,00000,00000,00000,00000,00000,00000,00000,00000,00000,00000,00000,00000,00000,00000,00000,00000,00000,00000,00000,00000,00000,00000,00000,00000,,
20180301,L1,A6,R,00000,00000,00000,00000,00000,00000,00000,00000,00000,00000,00000,00000,00000,00000,00000,00000,00000,00000,00000,00000,00000,00000,00000,00000,00000,00000,00000,00000,00000,00000,00000,00000,00000,00000,00000,00000,00000,00000,00000,00000,00000,00000,00000,00000,00000,,
20180301,L2,A2,L,00000,00000,11111,00000,00000,00000,00000,00000,00000,00000,00000,00000,00000,00000,00000,00000,00000,00000,00000,00000,00000,00000,00000,00000,00000,00000,00000,00000,00000,00000,00000,00000,00000,00000,00000,00000,00000,00000,00000,00000,00000,00000,00000,00000,00000,,
20180301,L2,A3,L,00000,00000,00000,00000,00000,00000,00000,00000,00000,00000,00000,00000,00000,00000,00000,00000,00000,00000,00000,00000,00000,00000,00000,00000,00000,00000,00000,00000,00000,00000,00000,00000,00000,00000,00000,00000,00000,00000,00000,00000,00000,00000,00000,00000,00000,,
20180301,L2,A3,R,00000,00000,00000,00000,00000,00000,00000,00000,00000,00000,00000,00000,00000,00000,00000,00000,00000,00000,00000,00000,00000,00000,00000,00000,00000,00000,00000,00000,00000,00000,00000,00000,00000,00000,11111,00000,00000,00000,00000,00000,00000,00000,00000,00000,00000,,
20180301,L2,A4,L,00000,00000,00000,00000,00000,00000,00000,00000,00000,00000,00000,00000,00000,00000,00000,00000,00000,00000,00000,00000,00000,00000,00000,00000,00000,00000,00000,00000,00000,00000,00000,00000,00000,00000,00000,00000,00000,00000,00000,00000,00000,00000,00000,00000,00000,,
20180301,L2,A5,L,00000,00000,00000,00000,00000,00000,00000,00000,00000,00000,00000,00000,00000,00000,00000,00000,00000,00000,00000,00000,00000,00000,00000,00000,00000,00000,00000,00000,00000,00000,00000,00000,00000,00000,00000,00000,00000,00000,11111,00000,00000,00000,00000,00000,00000,,
20180301,L2,A5,R,00000,00000,00000,00000,00000,00000,00000,00000,00000,00000,00000,00000,00000,00000,00000,00000,00000,00000,00000,00000,00000,00000,00000,00000,00000,00000,00000,00000,00000,00000,00000,00000,00000,00000,00000,11111,00000,00000,11111,00000,00000,00000,00000,00000,00000,,
20180301,L2,A6,L,00000,00000,00000,00000,00000,11111,00000,00000,00000,00000,00000,00000,00000,00000,00000,00000,00000,00000,00000,00000,00000,00000,00000,00000,00000,00000,00000,00000,00000,00000,00000,11111,00000,00000,00000,00000,00000,00000,00000,00000,00000,00000,00000,00000,00000,,
20180301,L2,A6,R,00000,00000,00000,00000,00000,00000,00000,00000,00000,00000,00000,00000,00000,00000,00000,00000,00000,00000,00000,00000,00000,00000,00000,00000,00000,00000,00000,00000,00000,00000,00000,00000,00000,00000,00000,00000,00000,00000,00000,00000,00000,00000,00000,00000,00000,,
20180301,L3,A2,L,00000,00000,00000,00000,00000,00000,00000,00000,00000,00000,00000,00000,00000,00000,00000,00000,00000,00000,00000,00000,00000,00000,00000,00000,00000,00000,00000,00000,00000,00000,00000,00000,00000,00000,00000,00000,00000,00000,00000,00000,00000,00000,00000,00000,00000,,
20180301,L3,A3,L,00000,00000,00000,00000,00000,00000,00000,00000,00000,00000,00000,00000,00000,00000,11111,00000,00000,00000,00000,00000,00000,00000,00000,00000,00000,00000,00000,00000,00000,00000,00000,00000,00000,00000,00000,00000,00000,00000,00000,00000,00000,00000,00000,00000,00000,,
20180301,L3,A3,R,00000,00000,00000,00000,00000,00000,00000,00000,00000,00000,00000,00000,00000,00000,00000,00000,00000,00000,00000,00000,00000,00000,00000,00000,00000,00000,00000,00000,00000,00000,00000,00000,00000,00000,00000,00000,00000,00000,00000,00000,00000,00000,00000,00000,00000,,
20180301,L3,A4,L,00000,00000,00000,00000,00000,00000,00000,00000,00000,00000,00000,00000,00000,00000,00000,00000,00000,00000,00000,00000,00000,00000,00000,00000,00000,00000,00000,00000,00000,00000,00000,11111,00000,00000,00000,00000,00000,11111,00000,00000,00000,00000,00000,00000,00000,,
20180301,L3,A4,R,00000,00000,00000,00000,00000,00000,00000,00000,00000,00000,00000,00000,00000,00000,00000,00000,00000,00000,00000,00000,00000,00000,00000,00000,00000,00000,00000,00000,00000,00000,00000,00000,00000,00000,00000,00000,00000,00000,00000,00000,00000,00000,00000,00000,00000,,
20180301,L3,A5,L,00000,00000,00000,00000,00000,00000,00000,00000,00000,00000,00000,00000,00000,00000,00000,00000,00000,00000,00000,11111,00000,00000,00000,00000,00000,00000,00000,00000,00000,00000,00000,00000,00000,00000,00000,00000,00000,00000,00000,00000,00000,00000,00000,00000,00000,,
20180301,L3,A5,R,00000,00000,00000,00000,00000,00000,00000,00000,00000,00000,00000,00000,00000,00000,11111,11111,00000,00000,00000,00000,00000,00000,00000,00000,00000,00000,00000,00000,00000,11111,00000,00000,00000,00000,11111,00000,00000,00000,00000,00000,00000,00000,00000,00000,00000,,
20180301,L3,A6,L,00000,00000,00000,00000,00000,00000,00000,00000,00000,00000,00000,00000,00000,00000,00000,00000,00000,00000,00000,00000,00000,00000,00000,00000,00000,00000,00000,00000,00000,00000,00000,00000,00000,00000,00000,00000,00000,00000,00000,00000,00000,00000,00000,00000,00000,,
20180301,L3,A6,R,00000,00000,00000,00000,00000,00000,00000,00000,00000,00000,00000,00000,00000,00000,11111,00000,00000,00000,00000,00000,00000,00000,00000,00000,00000,00000,00000,00000,00000,00000,00000,00000,00000,00000,00000,00000,00000,00000,00000,00000,00000,00000,00000,00000,00000,,
20180301,L4,A2,L,00000,00000,00000,00000,00000,00000,11111,00000,00000,00000,00000,00000,00000,00000,00000,00000,00000,00000,00000,00000,00000,00000,00000,00000,00000,00000,00000,00000,00000,00000,00000,11111,11111,11111,00000,00000,00000,00000,00000,00000,00000,00000,00000,00000,00000,,
20180301,L4,A3,L,00000,11111,11111,00000,00000,00000,00000,00000,00000,00000,00000,00000,00000,00000,11111,00000,00000,00000,00000,00000,00000,00000,00000,00000,00000,00000,00000,00000,00000,00000,00000,00000,00000,00000,00000,00000,00000,00000,00000,00000,00000,00000,00000,00000,00000,,
20180301,L4,A3,R,00000,00000,00000,00000,00000,00000,00000,00000,00000,00000,00000,00000,00000,00000,00000,00000,00000,00000,00000,00000,00000,00000,00000,00000,00000,00000,00000,00000,00000,00000,00000,00000,00000,00000,11111,00000,00000,00000,00000,00000,00000,11111,00000,00000,00000,,
20180301,L4,A4,L,00000,00000,00000,00000,00000,00000,00000,00000,00000,00000,00000,00000,00000,00000,00000,00000,00000,00000,00000,00000,00000,00000,00000,00000,00000,00000,11111,11111,00000,00000,00000,11111,00000,00000,11111,00000,00000,00000,00000,00000,00000,00000,00000,00000,00000,,
20180301,L4,A4,R,00000,00000,00000,00000,00000,00000,00000,00000,00000,00000,00000,00000,00000,00000,00000,00000,00000,00000,00000,00000,00000,00000,00000,00000,00000,00000,00000,00000,00000,00000,00000,00000,00000,00000,00000,00000,11111,00000,11111,00000,00000,00000,00000,00000,00000,,
20180301,L4,A5,L,00000,00000,00000,00000,00000,00000,00000,00000,00000,00000,00000,00000,00000,00000,11111,11111,00000,00000,00000,00000,00000,00000,00000,00000,00000,00000,00000,00000,00000,00000,00000,11111,00000,00000,00000,00000,00000,00000,00000,00000,00000,00000,00000,00000,00000,,
20180301,L4,A5,R,00000,00000,00000,00000,00000,00000,00000,00000,00000,00000,00000,00000,00000,00000,11111,11111,00000,00000,00000,00000,00000,00000,00000,00000,00000,00000,00000,00000,00000,00000,00000,00000,00000,00000,00000,00000,00000,00000,00000,00000,00000,00000,00000,00000,00000,,
20180301,L4,A6,L,00000,00000,00000,00000,00000,00000,00000,00000,00000,00000,00000,00000,00000,00000,11111,11111,00000,00000,00000,00000,00000,00000,00000,00000,11111,00000,11111,00000,00000,00000,00000,00000,00000,00000,00000,00000,00000,00000,00000,00000,00000,00000,00000,00000,00000,,
20180301,L4,A6,R,00000,00000,00000,00000,00000,00000,00000,00000,00000,00000,00000,00000,00000,00000,00000,00000,00000,00000,00000,00000,00000,00000,00000,11111,00000,00000,11111,00000,00000,00000,00000,00000,00000,00000,00000,00000,00000,00000,00000,00000,00000,00000,00000,00000,00000,,
20180301,L5,A2,L,00000,00000,00000,00000,00000,00000,00000,00000,00000,00000,00000,00000,00000,00000,00000,00000,00000,00000,00000,00000,00000,00000,00000,00000,00000,00000,00000,00000,00000,00000,00000,00000,00000,00000,00000,00000,00000,00000,00000,00000,00000,00000,00000,00000,00000,,
20180301,L5,A3,L,00000,00000,00000,00000,00000,00000,00000,00000,00000,00000,00000,00000,00000,00000,11111,11111,00000,00000,00000,00000,00000,11111,00000,00000,00000,00000,00000,00000,00000,00000,00000,00000,00000,00000,00000,00000,00000,00000,00000,00000,00000,00000,00000,00000,00000,,
20180301,L5,A3,R,00000,00000,00000,00000,00000,00000,00000,00000,00000,00000,00000,00000,00000,00000,00000,00000,00000,00000,00000,00000,00000,00000,00000,00000,00000,00000,00000,00000,00000,00000,00000,00000,00000,00000,00000,00000,00000,00000,00000,00000,00000,00000,00000,00000,00000,,
20180301,L5,A4,R,00000,00000,00000,00000,00000,00000,00000,00000,00000,00000,00000,00000,00000,00000,00000,00000,00000,00000,00000,00000,00000,00000,00000,00000,00000,00000,00000,00000,00000,00000,00000,00000,00000,00000,00000,00000,00000,00000,00000,00000,00000,00000,00000,00000,00000,,
20180301,L5,A5,L,00000,00000,00000,00000,00000,00000,00000,00000,00000,00000,00000,00000,00000,00000,00000,00000,00000,00000,00000,00000,00000,00000,00000,00000,00000,00000,00000,00000,00000,00000,00000,00000,00000,00000,11111,00000,00000,00000,00000,00000,00000,00000,00000,00000,00000,,
20180301,L5,A5,R,00000,00000,00000,00000,00000,00000,00000,00000,00000,00000,00000,00000,00000,00000,00000,00000,00000,00000,00000,00000,00000,00000,00000,00000,00000,00000,00000,00000,00000,00000,00000,00000,00000,00000,00000,00000,00000,00000,00000,00000,00000,00000,00000,00000,00000,,
20180301,L5,A6,L,00000,00000,00000,00000,00000,00000,00000,00000,00000,00000,00000,00000,11111,00000,00000,00000,00000,00000,00000,00000,00000,00000,00000,00000,00000,00000,00000,00000,00000,00000,00000,00000,00000,00000,00000,00000,00000,00000,00000,00000,00000,00000,00000,11111,00000,,
20180301,L5,A6,R,00000,00000,00000,00000,00000,00000,00000,00000,00000,00000,00000,11111,00000,11111,00000,00000,00000,00000,00000,00000,00000,11111,00000,00000,00000,00000,00000,00000,00000,00000,00000,00000,00000,00000,00000,00000,00000,11111,00000,00000,00000,00000,00000,00000,11111,,
20180302,L1,A2,L,00000,00000,00000,00000,00000,00000,00000,00000,00000,00000,11111,00000,00000,00000,,,,,,,,,,,00000,00000,00000,00000,00000,00000,00000,00000,00000,00000,00000,00000,00000,11111,00000,,,,,,,,
20180302,L1,A3,L,00000,00000,00000,00000,00000,11111,00000,00000,00000,00000,00000,11111,00000,00000,00000,00000,00000,00000,00000,00000,00000,00000,00000,00000,00000,00000,00000,00000,00000,00000,00000,00000,00000,00000,00000,00000,00000,00000,00000,,,,,,,,
20180302,L1,A3,R,00000,00000,00000,00000,00000,00000,00000,00000,00000,00000,00000,00000,00000,00000,11111,00000,00000,00000,00000,00000,00000,00000,00000,00000,00000,00000,00000,00000,00000,00000,00000,11111,00000,00000,11111,00000,00000,00000,00000,00000,00000,00000,00000,00000,00000,,
20180302,L1,A4,L,00000,00000,00000,00000,00000,00000,00000,00000,00000,00000,00000,00000,00000,00000,00000,00000,00000,00000,00000,00000,00000,00000,00000,00000,00000,00000,00000,00000,00000,00000,00000,11111,00000,00000,00000,00000,00000,11111,00000,00000,00000,00000,00000,00000,00000,,
20180302,L1,A4,R,00000,00000,00000,00000,00000,00000,00000,00000,00000,00000,00000,00000,00000,00000,00000,00000,00000,00000,00000,00000,00000,00000,00000,00000,00000,00000,00000,00000,00000,00000,00000,00000,00000,00000,11111,11111,00000,00000,00000,00000,00000,00000,00000,00000,00000,,
20180302,L1,A5,L,00000,00000,00000,00000,00000,00000,00000,00000,00000,00000,00000,00000,00000,00000,11111,00000,00000,00000,00000,00000,00000,00000,00000,00000,00000,00000,00000,00000,00000,00000,00000,00000,00000,00000,00000,00000,11111,00000,00000,00000,00000,00000,00000,00000,00000,,
20180302,L1,A5,R,00000,00000,00000,00000,00000,00000,00000,00000,00000,00000,00000,00000,00000,00000,00000,00000,00000,00000,00000,00000,00000,00000,00000,00000,00000,00000,00000,00000,00000,00000,00000,00000,00000,00000,11111,00000,00000,00000,00000,00000,00000,00000,00000,00000,00000,,
20180302,L1,A6,R,00000,00000,00000,00000,00000,00000,00000,00000,00000,00000,00000,00000,00000,00000,11111,00000,00000,00000,00000,00000,00000,00000,00000,00000,00000,00000,00000,00000,00000,00000,00000,11111,00000,00000,11111,00000,00000,00000,00000,,,,,,,,
20180302,L2,A2,L,00000,00000,00000,00000,00000,00000,00000,00000,00000,00000,00000,00000,00000,00000,00000,00000,00000,00000,00000,11111,00000,00000,00000,00000,00000,00000,00000,00000,00000,00000,00000,00000,00000,00000,00000,00000,00000,00000,00000,00000,00000,00000,00000,00000,00000,,
20180302,L2,A2,R,00000,00000,00000,11111,00000,00000,00000,00000,00000,00000,00000,00000,00000,11111,11111,00000,00000,00000,00000,00000,00000,00000,00000,00000,00000,00000,00000,00000,00000,00000,00000,00000,00000,00000,00000,00000,00000,00000,00000,00000,00000,00000,00000,00000,00000,,
20180302,L2,A3,L,00000,00000,00000,00000,00000,00000,00000,11111,11111,00000,00000,11111,00000,00000,11111,11111,00000,00000,00000,11111,11111,00000,00000,00000,00000,00000,00000,00000,00000,00000,00000,00000,00000,00000,00000,00000,00000,00000,00000,00000,00000,00000,00000,00000,00000,,
20180302,L2,A3,R,00000,00000,00000,00000,00000,11111,00000,00000,00000,00000,00000,00000,11111,00000,00000,00000,00000,00000,00000,00000,00000,11111,00000,00000,00000,00000,00000,00000,00000,00000,00000,11111,00000,00000,00000,00000,00000,11111,00000,00000,00000,00000,00000,00000,00000,,
20180302,L2,A4,L,,,,,,,,,,,,,,00000,00000,00000,00000,00000,00000,00000,00000,00000,00000,00000,00000,00000,00000,00000,00000,00000,00000,00000,00000,00000,00000,00000,00000,00000,00000,00000,00000,00000,00000,00000,00000,,
20180302,L2,A4,R,00000,00000,00000,00000,00000,00000,00000,00000,00000,00000,00000,00000,00000,00000,00000,00000,00000,00000,00000,00000,00000,00000,00000,00000,00000,00000,00000,00000,00000,00000,00000,00000,00000,00000,11111,00000,00000,00000,00000,00000,00000,00000,00000,00000,00000,,
20180302,L2,A5,L,,,,,,,,,,,,,,00000,11111,11111,00000,00000,00000,00000,00000,11111,00000,00000,00000,00000,00000,00000,00000,00000,00000,00000,00000,00000,00000,00000,00000,00000,00000,00000,00000,00000,00000,00000,00000,,
20180302,L2,A5,R,00000,00000,00000,00000,00000,00000,00000,00000,00000,00000,00000,00000,00000,00000,00000,00000,00000,00000,00000,00000,00000,00000,00000,00000,00000,00000,00000,00000,00000,00000,00000,00000,00000,00000,00000,00000,00000,11111,00000,00000,00000,00000,00000,00000,00000,,
20180302,L3,A2,L,00000,00000,00000,00000,00000,00000,00000,00000,00000,00000,00000,00000,00000,00000,11111,11111,00000,00000,00000,00000,00000,00000,00000,00000,00000,00000,00000,00000,11111,00000,00000,00000,00000,00000,00000,11111,00000,00000,00000,11111,00000,00000,00000,00000,00000,,
20180302,L3,A2,R,00000,00000,00000,00000,00000,00000,00000,00000,00000,00000,00000,00000,00000,00000,00000,00000,00000,00000,00000,00000,00000,00000,00000,00000,00000,00000,00000,00000,00000,00000,00000,00000,00000,00000,11111,00000,00000,00000,00000,00000,00000,00000,00000,00000,00000,,
20180302,L3,A3,L,00000,00000,00000,11111,00000,00000,00000,00000,00000,00000,00000,11111,00000,00000,00000,00000,00000,00000,00000,00000,00000,00000,00000,00000,00000,00000,00000,00000,00000,00000,00000,00000,00000,00000,00000,00000,00000,00000,00000,00000,00000,00000,00000,00000,00000,,
20180302,L3,A3,R,00000,00000,00000,00000,00000,00000,00000,00000,00000,00000,00000,00000,00000,00000,00000,00000,00000,00000,00000,00000,00000,00000,00000,00000,00000,00000,00000,00000,00000,00000,00000,00000,00000,00000,00000,00000,00000,00000,00000,00000,00000,00000,00000,00000,00000,,
20180302,L3,A4,L,00000,00000,00000,00000,00000,00000,00000,00000,00000,00000,00000,00000,00000,00000,00000,00000,00000,00000,00000,00000,00000,00000,00000,00000,00000,00000,00000,00000,00000,00000,00000,00000,00000,00000,00000,00000,00000,00000,11111,11111,00000,00000,00000,00000,00000,,
20180302,L3,A4,R,00000,00000,00000,00000,00000,00000,00000,00000,00000,00000,00000,00000,00000,00000,00000,00000,00000,00000,00000,00000,00000,00000,00000,00000,00000,00000,00000,00000,11111,00000,00000,00000,00000,00000,00000,00000,00000,00000,00000,00000,00000,00000,00000,00000,00000,,
20180302,L4,A2,L,00000,00000,00000,00000,00000,00000,00000,00000,00000,00000,00000,00000,00000,11111,00000,00000,00000,00000,00000,00000,00000,00000,00000,00000,00000,00000,00000,00000,00000,00000,00000,00000,00000,00000,00000,00000,00000,00000,00000,00000,00000,00000,00000,00000,00000,,
20180302,L4,A3,L,00000,00000,00000,00000,00000,00000,00000,00000,00000,00000,00000,00000,00000,11111,00000,00000,00000,00000,00000,00000,00000,00000,00000,00000,00000,00000,00000,00000,00000,00000,00000,00000,00000,00000,00000,00000,00000,00000,00000,,,,,,,,
20180302,L4,A3,R,00000,00000,11111,00000,00000,00000,00000,00000,00000,00000,00000,00000,11111,00000,11111,11111,00000,00000,00000,00000,00000,00000,00000,00000,00000,00000,00000,00000,00000,00000,00000,00000,00000,00000,11111,00000,00000,00000,00000,00000,00000,00000,00000,00000,00000,,
20180302,L4,A4,L,00000,00000,00000,00000,00000,00000,00000,00000,00000,00000,00000,00000,00000,00000,00000,00000,00000,00000,00000,00000,00000,00000,00000,00000,00000,00000,00000,00000,00000,00000,00000,00000,00000,00000,00000,00000,00000,00000,00000,00000,00000,00000,00000,00000,00000,,
20180302,L4,A4,R,00000,00000,00000,00000,00000,00000,00000,00000,00000,00000,00000,00000,00000,00000,00000,00000,00000,00000,00000,00000,00000,00000,00000,00000,11111,00000,00000,00000,00000,00000,00000,00000,00000,00000,00000,00000,00000,11111,00000,00000,00000,00000,00000,00000,00000,,
20180302,L4,A5,L,00000,00000,00000,00000,00000,00000,00000,00000,00000,00000,00000,00000,00000,00000,00000,00000,00000,00000,00000,00000,00000,00000,00000,00000,00000,00000,00000,00000,00000,00000,00000,00000,00000,00000,00000,00000,00000,00000,00000,00000,00000,00000,00000,00000,00000,,
20180302,L4,A5,R,00000,00000,00000,00000,00000,00000,00000,00000,00000,00000,00000,00000,00000,00000,00000,00000,00000,00000,00000,00000,00000,00000,00000,00000,00000,00000,00000,00000,00000,00000,00000,00000,00000,00000,00000,00000,00000,00000,00000,00000,00000,00000,00000,00000,00000,,
20180302,L5,A2,L,00000,00000,00000,00000,00000,00000,00000,00000,00000,00000,00000,00000,00000,00000,00000,00000,00000,00000,00000,00000,00000,00000,00000,00000,00000,00000,00000,00000,00000,00000,00000,00000,00000,00000,,,,,,00000,00000,00000,00000,00000,00000,,
20180302,L5,A3,L,00000,00000,11111,00000,11111,00000,11111,11111,00000,00000,00000,00000,00000,00000,00000,00000,00000,00000,00000,00000,00000,11111,11111,00000,00000,00000,00000,00000,00000,00000,00000,00000,00000,00000,00000,00000,00000,00000,00000,00000,00000,00000,00000,00000,00000,,
20180302,L5,A3,R,00000,00000,11111,00000,00000,00000,00000,00000,00000,00000,00000,00000,00000,00000,11111,11111,00000,00000,00000,00000,00000,00000,11111,00000,00000,00000,00000,00000,00000,00000,00000,00000,00000,00000,00000,00000,00000,00000,00000,00000,00000,00000,00000,00000,00000,,
20180302,L5,A4,L,00000,00000,00000,00000,00000,00000,00000,00000,00000,00000,00000,00000,00000,00000,00000,00000,00000,00000,00000,00000,00000,00000,00000,00000,00000,00000,00000,00000,00000,00000,11111,00000,00000,00000,00000,00000,00000,00000,00000,00000,00000,00000,00000,00000,00000,,
20180302,L5,A4,R,11111,11111,00000,00000,00000,00000,11111,00000,00000,00000,00000,00000,00000,00000,00000,00000,00000,00000,00000,00000,00000,00000,00000,00000,00000,00000,00000,00000,00000,00000,00000,00000,00000,00000,00000,00000,00000,00000,00000,00000,00000,00000,00000,00000,00000,,
20180302,L5,A5,L,00000,00000,00000,00000,00000,00000,00000,00000,00000,00000,00000,00000,00000,00000,11111,11111,11111,00000,00000,00000,00000,00000,00000,00000,00000,00000,00000,00000,00000,00000,00000,00000,00000,00000,00000,00000,00000,00000,00000,00000,00000,00000,00000,00000,00000,,
20180302,L5,A5,R,00000,00000,00000,00000,00000,00000,00000,00000,00000,00000,00000,11111,00000,00000,00000,00000,00000,00000,00000,00000,00000,00000,00000,00000,00000,00000,00000,00000,00000,00000,00000,00000,00000,00000,00000,00000,00000,00000,00000,00000,00000,00000,00000,00000,00000,,
20180302,L5,A6,L,00000,00000,00000,00000,00000,00000,00000,00000,00000,00000,00000,00000,00000,00000,00000,00000,00000,00000,00000,00000,00000,00000,00000,00000,00000,00000,11111,00000,00000,00000,00000,00000,00000,00000,00000,00000,00000,00000,00000,00000,00000,00000,00000,00000,00000,,
20180302,L5,A6,R,00000,00000,00000,00000,00000,00000,00000,00000,00000,00000,00000,00000,00000,00000,00000,00000,00000,00000,00000,00000,00000,00000,00000,00000,00000,00000,00000,00000,00000,00000,00000,00000,00000,00000,00000,00000,11111,11111,00000,00000,00000,00000,00000,11111,00000,,
